﻿<?xml version="1.0" encoding="utf-8"?>
<?xml-stylesheet type="text/xsl" href="file:///C:/PROGRAM FILES (X86)/MICROSOFT VISUAL STUDIO 14.0/COMMON7/IDE/EXTENSIONS/MICROSOFT/ARCHITECTURE TOOLS/EXTENSIBILITY/Logging/CodeGenLog.xslt"?>
<Log xmlns="http://schemas.microsoft.com/VisualStudio/2010/CodeGen.RE.Log" Label="Code Generation/Text Transformation Log">
  <MessageClass Name="Message" Label="Message" Option="Show informational messages" />
  <MessageClass Name="Warning" Label="Warning" Option="Show warnings" />
  <MessageClass Name="Error" Label="Error" Option="Show errors" />
  <MessageClass Name="Property" Label="Property" Option="Show metadata" />
  <MessageClass Name="Diagnostic" Label="Message" Option="Show diagnostic messages" />
  <Message Timestamp="2021-12-29T23:09:59" Importance="High" Text="Code generation or text transformation started." />
  <Message Timestamp="2021-12-29T23:10:00" Importance="Diagnostic" Text="Name = ClassTemplate" />
  <Message Timestamp="2021-12-29T23:10:00" Importance="Diagnostic" Text="Overwrite = True" />
  <Message Timestamp="2021-12-29T23:10:00" Importance="Diagnostic" Text="ProjectPath = ..\RB1Lib\RB1Lib.csproj" />
  <Message Timestamp="2021-12-29T23:10:00" Importance="Diagnostic" Text="TargetDirectory = GeneratedCode\{PackageStructure}" />
  <Message Timestamp="2021-12-29T23:10:00" Importance="Diagnostic" Text="TargetName = {Name}" />
  <Message Timestamp="2021-12-29T23:10:00" Importance="Diagnostic" Text="TemplateFilePath = C:\PROGRAM FILES (X86)\MICROSOFT VISUAL STUDIO 14.0\COMMON7\IDE\EXTENSIONS\MICROSOFT\ARCHITECTURE TOOLS\EXTENSIBILITY\Templates\Text\ClassTemplate.t4" />
  <Message Timestamp="2021-12-29T23:10:00" Importance="Diagnostic" Text="ResolvedTemplateFilePath = C:\PROGRAM FILES (X86)\MICROSOFT VISUAL STUDIO 14.0\COMMON7\IDE\EXTENSIONS\MICROSOFT\ARCHITECTURE TOOLS\EXTENSIBILITY\Templates\Text\ClassTemplate.t4" />
  <Message Timestamp="2021-12-29T23:10:00" Importance="Medium" Text="RB1's Text Template Binding: 'ClassTemplate' will apply ClassTemplate.t4 to: 'RB1::Admin' -  (Class) " />
  <Message Timestamp="2021-12-29T23:10:00" Importance="Diagnostic" Text="'RB1::Admin' -  (Class): no file generated because the 'AppliesToElement' method of the template 'ClassTemplate.t4' evaluated to false." />
  <Message Timestamp="2021-12-29T23:10:00" Importance="Diagnostic" Text="Name = StructTemplate" />
  <Message Timestamp="2021-12-29T23:10:00" Importance="Diagnostic" Text="Overwrite = True" />
  <Message Timestamp="2021-12-29T23:10:00" Importance="Diagnostic" Text="ProjectPath = ..\RB1Lib\RB1Lib.csproj" />
  <Message Timestamp="2021-12-29T23:10:00" Importance="Diagnostic" Text="TargetDirectory = GeneratedCode\{PackageStructure}" />
  <Message Timestamp="2021-12-29T23:10:00" Importance="Diagnostic" Text="TargetName = {Name}" />
  <Message Timestamp="2021-12-29T23:10:00" Importance="Diagnostic" Text="TemplateFilePath = C:\PROGRAM FILES (X86)\MICROSOFT VISUAL STUDIO 14.0\COMMON7\IDE\EXTENSIONS\MICROSOFT\ARCHITECTURE TOOLS\EXTENSIBILITY\Templates\Text\StructTemplate.t4" />
  <Message Timestamp="2021-12-29T23:10:00" Importance="Diagnostic" Text="ResolvedTemplateFilePath = C:\PROGRAM FILES (X86)\MICROSOFT VISUAL STUDIO 14.0\COMMON7\IDE\EXTENSIONS\MICROSOFT\ARCHITECTURE TOOLS\EXTENSIBILITY\Templates\Text\StructTemplate.t4" />
  <Message Timestamp="2021-12-29T23:10:00" Importance="Medium" Text="RB1's Text Template Binding: 'StructTemplate' will apply StructTemplate.t4 to: 'RB1::Admin' -  (Class) " />
  <Message Timestamp="2021-12-29T23:10:00" Importance="Diagnostic" Text="'RB1::Admin' -  (Class): no file generated because the 'AppliesToElement' method of the template 'StructTemplate.t4' evaluated to false." />
  <Message Timestamp="2021-12-29T23:10:00" Importance="High" Text="Code generation complete. Errors: 0. Warnings: 0." />
</Log>